,Construct,Items,Cronbach_Alpha,rho_A_Approx,Composite_Reliability,AVE,Alpha_0.70,CR_0.70,AVE_0.50
0,ReviewType,1,,,1.0,1.0,Pass,Pass,Pass
1,PreBookingIntention,4,0.6945866294400496,0.8332209548044037,0.8400834309897606,0.60970619641452,Check,Pass,Pass
2,ReviewAuthenticity,4,0.8526044476413115,0.9016452028758448,0.9000579131376051,0.6931594737500862,Pass,Pass,Pass
3,Trust,4,0.7368338249754178,0.8434947750245702,0.8441746354399569,0.5841759007283756,Pass,Pass,Pass
4,PerceivedRisk,4,0.8247116282019916,0.8905361840778205,0.8877904987270154,0.6690212362908564,Pass,Pass,Pass
5,BookingIntention,7,0.8654152568909284,0.8980687365263932,0.8979525168855695,0.5643608525410876,Pass,Pass,Pass
