,Construct,R2,Adjusted_R2,Q2_predict,RMSE,MAE
0,ReviewAuthenticity,0.2355166781408764,0.2239335975066472,0.21583182083407626,0.8855327092580624,0.6998551736251573
1,Trust,0.5570940835146458,0.5434662091612503,0.545680788757136,0.6740320550558884,0.5236963813650146
2,PerceivedRisk,0.37208075218209335,0.3527601599415424,0.3439559694305826,0.8099654502319329,0.6541402326534982
3,BookingIntention,0.6672901388549218,0.6404586984399963,0.5979883963584176,0.6340438499359349,0.5048141427650263
